FirstName,LastName,Phone,Email,Company
John,Doe,312-555-1234,john@test.com,Test Corp
Jane,Smith,555-123-4567,jane@testcompany.com,Test Company
Jane,Smith,555-123-4567,jane@testcompany.com,Test Company
Test,Customer,,,Test Co
PDF,Test,555-555-1234,pdf@example.com,Test Co
Final,Test,555-WIN-WINS,success@example.com,Final Co
Barry,Obama,(281) 330-8004,barry.obama@geauxbowl.com,Ex President of The United States
Test,User,,,
John,Smith,,john.smith@example.com,
Sarah,Johnson,,sarah.johnson@example.com,
Joe,W,(281) 330-8004,joewwaller@gmail.com,Shawnee Bowl